Bescheid vom,Rufnummer,Kategorie,Maßnahme
12.04.2022,01632276199|01634480635|01638387890|01772619610|01772650088|01772650236|01772651236|01772652006|01772652537|01772653873|01638381729|01639532956|01773650007|01773650399|01773671278|01773671329|01773671580|017657740484,Spam SMS,Abschaltung der Rufnummern zum 18.04.2022
12.04.2022,094429999969,Internet PopUp,Abschaltung der Rufnummer zum 18.04.2022
12.04.2022,0021625367555|0021627007601|0021629543538|0021646561714|0021652161604|0021653105226|0021653303821|0021653304826|0021653401662|0027814850000|0027814850000|0027845576751|0027873629660|0027873800300|0027873810200|0027873830200|0027873840200|0027873850200|0027873860200|0027873860294|0027873860295|0027873860296|0027873860297|0027873860298|0027873860299|0027873870200|0027873890200|0027873890243|0027873890244|00992717056013|00992717078294|00992717082281|002911112510|002911112523|002911112528|002911112543|002911112547|002911112562|002911112600|002911112603|002911112609|002911112612|002911112613|002911112614|002911112617|002911113970|002911113975|002911114725|002911116600|002911116601|002911116602|002911116603|002911116604|002911116605|002911116606,Hacking,Isoliertes Rechnungslegungs- und Inkassierungsverbot sowie Auszahlungsverbot  vom 02.04.2022 bis 03.04.2022
12.04.2022,002911116607|002911116608|002911116609|002911116610|002911116611|002911116612|002911116613|002911116615|002911116616|002911116617|002911116618|002911116619|002911121081|002911126001|002911126002|002911126003|002911126004|002911126005|002911126006|002911126007|002911126008|002911126009|002911126011|002911126012|002911126013|002911126014|002911126015|002911126016|002911126018|002911126019|002911126021|002911126022|002911126023|002911126024|002911126025|002911126026|002911126027|002911126028|002911126029|002911126030|002911126031|002911126084|002911126918|002911126919|002911126921|002911126927|002911126929|002911126946|002911126965|002911126970|002911126984|002911126994|002911126995|002911153743|002911162808,Hacking,Isoliertes Rechnungslegungs- und Inkassierungsverbot sowie Auszahlungsverbot  vom 02.04.2022 bis 03.04.2022
08.04.2022,01627654201,Drittnutzung,Abschaltung der Rufnummer zum 15.04.2022 (Portierungsverbot)
06.04.2022,01634494090|01638310544|01638615814|01639520276|01639535046|01639567913|01639567980|01639569865|01639571205|01634458456|01634666953|01638863938|01638955867|01639544685|01639574951|01772651152|01772652549|01772652917|017643677434|017643653875|017643658283|017656562993|017656567496,Spam SMS,Abschaltung der Rufnummern zum 09.04.2022
05.04.2022,015223390467,Spam Fax,Abschaltung der Rufnummer zum 11.04.2022
05.04.2022,01743863801,Spam Fax,Abschaltung der Rufnummer zum 11.04.2022
05.04.2022,023497108844,Internet PopUp,Abschaltung der Rufnummer zum 11.04.2022
05.04.2022,01638616141|01636844464|01635990831|017646588801|017646588802|017646588803,Spam SMS,Abschaltung der Rufnummern zum 11.04.2022
31.03.2022,076219864744,Spam SMS,Abschaltung der Rufnummer zum 05.04.2022
30.03.2022,032124005040,Spam Fax,Abschaltung der Rufnummer zum 04.04.2022
30.03.2022,015219198189,Telefonie Dialer,Abschaltung der Rufnummer zum 02.04.2022
30.03.2022,015219212433,Telefonie Dialer,Abschaltung der Rufnummer zum 02.04.2022
30.03.2022,01621808161,Spam SMS,Abschaltung der Rufnummer zum 04.04.2022
24.03.2022,015758520781|015758521303|015781924111|015781932001|015783445634|015783445650,Spam SMS,Abschaltung der Rufnummern zum 28.03.2022
24.03.2022,01632625750|01633962790|01634082543|01771784377|01777933428|015752927768|017620476738|017629996891|017637075347|017683221926|01632684701|01633367383|01633962241|01634664046|01634967080|01636247381|01637878342,Spam SMS,Abschaltung der Rufnummern zum 28.03.2022
23.03.2022,0021620196XXX|0021620213XXX|0021620359XXX|0021621035XXX|0021621493XXX|0021622595XXX|0021625045XXX|0021625103XXX|0021626116XXX|0021626120XXX|0021627236XXX|0021628337XXX|0021628359XXX|0021629006XXX|0021650902XXX|0021651900XXX|0021652000XXX|0021652001XXX|0021652411XXX|0021652500XXX|0021652800XXX|0021653101XXX|0021653103XXX|0021653301XXX|0021653400XXX|0021654000XXX|0021654201XXX|0021655201XXX|0021655601XXX|0021655902XXX|0021656010XXX|0021656100XXX|0021656500XXX|0021656501XXX|0021656601XXX|0021658513XXX|00212612003XXX|00212612004XXX|00212612004XXX|00212612005XXX,Hacking / Schadsoftware,Isoliertes Rechnungslegungs- und Inkassierungsverbot vom 29.10.2021 bis 23.03.2022
23.03.2022,00212612005XXX|00212612006XXX|00212612008XXX|00212614000XXX|00212614000XXX|00212614001XXX|00212614002XXX|00212614008XXX|00212614010XXX|00212614012XXX|00212614013XXX|00212614013XXX|00212617003XXX|00212619002XXX|00212619004XXX|00212619005XXX|00212619005XXX|00212619008XXX|00212620000XXX|00212621000XXX|00212632000XXX|00212632000XXX|00212632000XXX|00212657001XXX|00212657002XXX|00212657002XXX|00212657002XXX|00212657005XXX|00212660179XXX|00212660179XXX|00212660182XXX|00212660231XXX|00212660246XXX|00212660255XXX|00212660263XXX|00212669002XXX|00212669004XXX|00212669007XXX|00212669017XXX|,Hacking / Schadsoftware,Isoliertes Rechnungslegungs- und Inkassierungsverbot vom 29.10.2021 bis 23.03.2022
23.03.2022,01632298556|01634082814|01634952679|01635982375|01636083185|01636799528|01636818960|01638312485|01638314998|01638387463|01638866807|01638871289|01638871345|01638875285|01639538074|01635997008|01636799669|01635077138,Spam SMS,Abschaltung der Rufnummern zum 26.03.2022
23.03.2022,01632211988|01632382467|01633334340|01633338680|01633484152|01633908769|01634656547|01634837003|01634839492|01634862030|01634969067|01636245956|01636247059|01637878367|01637970442|01637971055|01638116042|01638302696|01639526361|01639526834|01639532352|01639832922|01639533454|01638311892|01639533505|017675338891,Spam SMS,Abschaltung der Rufnummern zum 26.03.2022
22.03.2022,015221060597,Spam Fax,Abschaltung der Rufnummer zum 28.03.2022
22.03.2022,032126607702,Spam Fax,Abschaltung der Rufnummer zum 28.03.2022
22.03.2022,015217952687|015217788211,Telefonie Dialer,Abschaltung der Rufnummern zum 25.03.2022
21.03.2022,034292454615,Internet PopUp,Abschaltung der Rufnummer zum 26.03.2022
17.03.2022,015203038981,Spam Fax,Abschaltung der Rufnummer zum 22.03.2022
16.03.2022,015203038828,Spam Fax,Abschaltung der Rufnummer zum 21.03.2022
16.03.2022,023199219673,Internet PopUp,Abschaltung der Rufnummer zum 21.03.2022
14.03.2022,015221060592,Spam Fax,Abschaltung der Rufnummer zum 19.03.2022
14.03.2022,038574464730,Internet PopUp,Abschaltung der Rufnummer zum 19.03.2022
14.03.2022,0041799772627|0041799773292|0041799773293|0041799773294|0041799773296|0041799773297|0041799778040|0041799775608|0041799775607|0041799775609|0041799773299,Hacking,Isoliertes Rechnungslegungs- und Inkassierungsverbot sowie Auszahlungsverbot  vom 06.03.2022 bis 07.03.2022
11.03.2022,00212660226XXX|0021656202XXX|0021625055XXX|0021619002XXX|0021614008XXX|00212657004XXX|0021655401XXX|00212660259XXX|0021654700XXX|00212619005XXX|00212621000XXX|00212669008XXX|00212614004XXX|0021624061XXX|0021651300XXX|00212657008XXX|00212621000XXX|00212614002XXX|0021621362XXX|0021622037XXX|0021624414XXX|0021626044XXX|00212618010XXX|0021627005XXX|00212619008XXX|00212669019XXX|0021653801XXX|0021622329XXX|0021627206XXX|0021652800XXX|0021654201XXX|00212669012XXX|0021621123XXX|00212614012XXX|0021628302XXX|0021624097XXX|00212619008XXX|0021622166XXX|00212660263XXX|0021656200XXX|00212660258XXX|0021658805XXX|0021627105XXX|0021625237XXX|0021620120XXX|00212660181XXX|00212660237XXX|0021627103XXX|0021625158XXX|00212669015XXX|00212657007XXX|00212614015XXX|00212614005XXX|0021625305XXX|00212619000XXX|00212619000XXX|00212657009XXX|00212669001XXX|0021622619XXX|00212614019XXX|0021653501XXX|0021628253XXX|0021651500XXX|00212614019XXX|00212614015XXX|00212614013XXX,Hacking / Schadsoftware,Isoliertes Rechnungslegungs- und Inkassierungsverbot vom 03.09.2021 bis 11.03.2022
11.03.2022,0021627097XXX|0021621291XXX|0021621160XXX|0021622336XXX|0021629014XXX|0021658002XXX|00212669015XXX|0021622347XXX|00212619000XXX|0021627136XXX|0021651801XXX|0021627141XXX|0021651601XXX|00212660263XXX|0021626140XXX|0021627006XXX|0021627088XXX|00212644000XXX|0021620580XXX|0021620340XXX|0021652101XXX|0021628359XXX,Hacking / Schadsoftware,Isoliertes Rechnungslegungs- und Inkassierungsverbot vom 08.09.2021 bis 11.03.2022
10.03.2022,032221853343|032221853352,Drittnutzung,Abschaltung der Rufnummern zum 15.03.2022|Portierungsverbot
09.03.2022,052258669722,Internet PopUp,Abschaltung der Rufnummer zum 14.03.2022
09.03.2022,084079289873,Internet PopUp,Abschaltung der Rufnummer zum 14.03.2022
08.03.2022,068259969812,Internet PopUp,Abschaltung der Rufnummer zum 14.03.2022
07.03.2022,0037744003880|0037744003888|0037744003886|0037744003887,Hacking,Isoliertes Rechnungslegungs- und Inkassierungsverbot sowie Auszahlungsverbot  am 10.02.2022
03.03.2022,055038079786,Internet PopUp,Abschaltung der Rufnummer zum 08.03.2022
02.03.2022,015221060403,Spam Fax,Abschaltung der Rufnummer zum 07.03.2022
02.03.2022,032129008501,Spam Fax,Abschaltung der Rufnummer zum 07.03.2022
02.03.2022,057319699716,Internet PopUp,Abschaltung der Rufnummer zum 07.03.2022
02.03.2022,091959909837,Internet PopUp,Abschaltung der Rufnummer zum 07.03.2022
02.03.2022,063329789697,Internet PopUp,Abschaltung der Rufnummer zum 07.03.2022
02.03.2022,023199218771,Internet PopUp,Abschaltung der Rufnummer zum 07.03.2022
02.03.2022,020888349714,Internet PopUp,Abschaltung der Rufnummer zum 07.03.2022
28.02.2022,01621808185|015207096186|015259636177|015259636182|015259636184|015259636236|015259636238,Spam SMS,Abschaltung der Rufnummern zum 05.03.2022
25.02.2022,0033825932266|0033825932269|0033825934171|0077273792009|0079407881061|0079407881118|0079409294040|0079409294490|0085364282787|0085364282787|0085364282787|00218914610251|00233571230660|00436643900035|00959780070649|00992937902108|00995599190009|00998972091869|004381095503423|004381095503423,Hacking,Isoliertes Rechnungslegungs- und Inkassierungsverbot sowie Auszahlungsverbot  vom 12.01.2022 bis 13.01.2022
23.02.2022,00257|00235|00381|00248|00216|00225|00224|00249|00212|00255|00229|00223|00256|00261|00355|00387|00252|00231|00960|00967|00389|00232|00382|00881|00882|00883|00269|00685|00263|00213|00674|00592|00691|00509|00676|00245|00221|00994|00241|00675|00297|00247|00236|00593|00242|00211|00501|00374|00240|001767|00678|00973|00265|00237|00375|007,Ping-Anrufe,erneute Anordnung einer Preisansagepflicht im Mobilfunk
23.02.2022,035248253794,Internet PopUp,Abschaltung der Rufnummer zum 28.02.2022
23.02.2022,028459699616,Internet PopUp,Abschaltung der Rufnummer zum 28.02.2022
17.02.2022,015221060399,Spam Fax,Abschaltung der Rufnummer zum 22.02.2022
17.02.2022,052619259648,Internet PopUp,Abschaltung der Rufnummer zum 22.02.2022
17.02.2022,071317749853,Internet PopUp,Abschaltung der Rufnummer zum 22.02.2022
17.02.2022,036967133620,Internet PopUp,Abschaltung der Rufnummer zum 22.02.2022
17.02.2022,03071079852,Internet PopUp,Abschaltung der Rufnummer zum 22.02.2022
17.02.2022,091919509901,Internet PopUp,Abschaltung der Rufnummer zum 22.02.2022
16.02.2022,032124005400|032125008501|032125678914|032126005601,Spam Fax,Abschaltung der Rufnummern zum 21.02.2022
16.02.2022,032126507770,Spam Fax,Abschaltung der Rufnummer zum 21.02.2022
16.02.2022,034315933895,Internet PopUp,Abschaltung der Rufnummer zum 21.02.2022
11.02.2022,0059162968707|0059162390098|0059162961192,Hacking,Isoliertes Rechnungslegungs- und Inkassierungsverbot sowie Auszahlungsverbot  am 28.01.2022
10.02.2022,015203552442,Spam Fax,Abschaltung der Rufnummer zum 15.02.2022
10.02.2022,045378273700|045378273701|045378273702|045378273703|045378273704|045378273705|045378273706|045378273707|045378273708|045378273709,Spam Fax,Abschaltung der Rufnummern zum 15.02.2022
10.02.2022,01621808191|01621808131,Spam SMS,Abschaltung der Rufnummern zum 15.02.2022
10.02.2022,01621808208,Spam SMS,Abschaltung der Rufnummer zum 15.02.2022
09.02.2022,0080010033100,Spam Fax,Abschaltung der Rufnummer zum 14.02.2022
04.02.2022,0012144160400|0050575117427|00995570013575|00995570090308|00995570070140|00995570099887|00995570003916,Hacking,Isoliertes Rechnungslegungs- und Inkassierungsverbot sowie Auszahlungsverbot  am 27.01.2022
03.02.2022,08007224202,Spam Fax,Abschaltung der Rufnummer zum 08.02.2022
02.02.2022,098229989926,Internet PopUp,Abschaltung der Rufnummer zum 07.02.2022
02.02.2022,045047099600,Internet PopUp,Abschaltung der Rufnummer zum 07.02.2022
02.02.2022,091174394933,Internet PopUp,Abschaltung der Rufnummer zum 07.02.2022
02.02.2022,093057989661,Internet PopUp,Abschaltung der Rufnummer zum 07.02.2022
01.02.2022,01621808125|01621808130,Spam SMS,Abschaltung der Rufnummern zum 07.02.2022
01.02.2022,01625630181,Spam SMS,Abschaltung der Rufnummer zum 07.02.2022
01.02.2022,01621807817|01621807910|015205733091|015259464980|015259464981|015259464984,Spam SMS,Abschaltung der Rufnummern zum 07.02.2022
01.02.2022,01625635059|01621807836|015225417407|015225416967|015204082350,Spam SMS,Abschaltung der Rufnummern zum 07.02.2022
01.02.2022,015221055620,Spam Fax,Abschaltung der Rufnummer zum 07.02.2022
01.02.2022,00672361323|001642511000|002209092661|002323007186|002323007243|002323072436|002463899038|005923276970|0013456462930|0016042511000|0018095886407|0018095908399|0021629758819|0021656233050|0021656240432|0021691974516|0021695372230|0021697237814|0022235737253|0022391676605|0022992089676|0022992480500|0023230070351|0023230071836|0023230072026|0023230072436|0023230072459|0023230075806|0023230075904|0023230554346|0023230554396|0023233372395|0023545335708|0023572807078|0023572807860|0023572850660|0023574151330|0023576285905|0023576383412|0023576383416|0023579713039|0023579726364|0023579726388|0023579726534|0023579726801,Hacking,Isoliertes Rechnungslegungs- und Inkassierungsverbot sowie Auszahlungsverbot  vom 22.01.2022 bis 23.01.2022
01.02.2022,0023579743267|0023579743727|0023579757317|0023595591496|0026774696000|0034902750847|0037061961757|0037129794650|0038268006125|0038268526346|0059163148348|0059332256085|0059372048128|0059372310893|0059372311484|0059372311689|0059372312298|0059372314570|0059372317755|0059372318539|0059372410159|0059372414803|0077273792919|0079407547089|0085630901852|0096450221474|00211910491351|00213511671655|00237656957414|00240666117079|00242057405802|00243876664214|00250788397304|00252675726308|00252677069404|00258849919033|00375294191141|00393488981907|00593724101159|00992917185719|009647386020582|0059377241100159,Hacking,Isoliertes Rechnungslegungs- und Inkassierungsverbot sowie Auszahlungsverbot  vom 22.01.2022 bis 23.01.2022
28.01.2022,0050370790295|0050370790323|0050370793437|0050370740572|0050370793852|0050370793673|0050370790293|0050377510220|002323361524|002323361911|002323361783|002323361600|002323361256|0023280371002|0023280371399|0023280371559|0023280371681|0023280371919,Hacking,Isoliertes Rechnungslegungs- und Inkassierungsverbot sowie Auszahlungsverbot am 02.01.2022 und am 15.01.2022 
27.01.2022,015227774761,Spam Fax,Abschaltung der Rufnummer zum 01.02.2022
27.01.2022,01745122354,Spam Fax,Abschaltung der Rufnummer zum 01.02.2022
26.01.2022,01627521311,Spam SMS,Abschaltung der Rufnummer zum 31.01.2022
26.01.2022,076219165621,Spam SMS,Abschaltung der Rufnummer zum 31.01.2022
26.01.2022,01623746221,Spam SMS,Abschaltung der Rufnummer zum 31.01.2022
25.01.2022,015207088785|015228120261|015228120267|015234798938|015234798940,Spam SMS,Abschaltung der Rufnummern zum 30.01.2022
25.01.2022,076219165314,Spam SMS,Abschaltung der Rufnummer zum 30.01.2022
20.01.2022,029829099907,Internet PopUp,Abschaltung der Rufnummer zum 25.01.2022
20.01.2022,032125007501,Spam Fax,Abschaltung der Rufnummer zum 25.01.2022
19.01.2022,050528049830,Internet PopUp,Abschaltung der Rufnummer zum 24.01.2022
19.01.2022,070719189937,Internet PopUp,Abschaltung der Rufnummer zum 24.01.2022
19.01.2022,080738689665,Internet PopUp,Abschaltung der Rufnummer zum 24.01.2022
17.01.2022,00211915040026|00211915040360|00211915040446|00211919520230|00211919520261|00211919520291|00211919577423,Hacking,Isoliertes Rechnungslegungs- und Inkassierungsverbot sowie Auszahlungsverbot  vom 30.12.2021 bis 31.12.2021
13.01.2022,099288759867,Internet PopUp,Abschaltung der Rufnummer zum 18.01.2022
13.01.2022,03022046665,Internet PopUp,Abschaltung der Rufnummer zum 18.01.2022
12.01.2022,015221060582,Spam Fax,Abschaltung der Rufnummer zum 19.01.2022
12.01.2022,032126077761,Spam Fax,Abschaltung der Rufnummer zum 19.01.2022
10.01.2022,078196999757,Internet PopUp,Abschaltung der Rufnummer zum 15.01.2022
07.01.2022,00212622479877|00212655499757|00212660845780|00212682479645|00218918518082|00218919401710|00218923256160|00218925625510|00218925698020|00218991751520|0022787160690|0022968260630|0022968260632|0022968751050|0022968751051|0022968751052|002389907582|00240555338900|00243829477100|002486422130|00249123735290|00249123735291|00249123735292|00249123735293|00252343905240|00252343905241|00252343905242|00252392046310|00252634906540|00256205296680|00256783590420|0025868303580|00258846717790|00258847128460|00258864100080|00258873234930|00258875947040|00258876358350|00258876430170|00263771617032|002693297981|0027610187780,Hacking,Isoliertes Rechnungslegungs- und Inkassierungsverbot sowie Auszahlungsverbot  vom 31.12.2021 bis 03.05.2022
07.01.2022,0027615557260|0027740285890|0027812760050|0027846602320|002917149163|00351930111080|0037630016081|0037630016082|00380503065212|0041779470650|0041779470660|0041779538740|0041779725330|0041779802900|0041782060030|0046761889980|0046764432770|005926984410|005978282320|0059893325370|006807781050|00687493880|00687515720|00687641990|00687641991|00687820410|00687830100|00687836481|0079115248820|0079407723360|00850237099540|00905526731190|0095375150770|00959960018270|00963998769937|00971552510580|00971552510581|0097455340100|0097455759120|00992938222620|00992938222621|00992938222622,Hacking,Isoliertes Rechnungslegungs- und Inkassierungsverbot sowie Auszahlungsverbot  vom 31.12.2021 bis 03.05.2022
05.01.2022,004382098806141|004382098806142|004382098806200|004382098806454|004382098806485,Hacking,Isoliertes Rechnungslegungs- und Inkassierungsverbot sowie Auszahlungsverbot  vom 25.12.2021 bis 26.12.2021
04.01.2022,0018005555111|00380322405578|00380630271341|00380994454880|00380994454881|00380994454882|00380994454883|00380994455220|00380994455223|00380994455224,Hacking,Isoliertes Rechnungslegungs- und Inkassierungsverbot sowie Auszahlungsverbot  am 15.12.2021
30.12.2021,015221055615,Spam Fax,Abschaltung der Rufnummer zum 04.01.2022
29.12.2021,032122055570,Spam Fax,Abschaltung der Rufnummer zum 06.01.2022
23.12.2021,032122055560,Spam Fax,Abschaltung der Rufnummer zum 28.12.2021
23.12.2021,032125656101,Spam Fax,Abschaltung der Rufnummer zum 28.12.2021
23.12.2021,00212614000906|00212619002515|00212632000860|0021620572008|0021620543943|00212669004410|0021621368094|00212660261247|00212614005808|0021621524719|0021627222925|0021628352027|0021621176284|00212660255496|0021626149120|0021622670698|00212619001659|00212617002362|00212619000684|00212657006992|00212669007795|00212657003025|00212614014594|0021627203587|00212614011362,Hacking / Schadsoftware,Isoliertes Rechnungslegungs- und Inkassierungsverbot vom 08.09.2021 bis 23.12.2021
22.12.2021,00212669161035|00212669161155|00212669161160|00212669161170|00212669161196|00212669161202|00212669161258|00212669161314|00212669161327|00212669161339|00212669161427|00212669161483|00212669161506|00212669161614|00212669161762|00212669161803|00212669161803|00212669161837|00212669161909|00212669161945|00212669161966|00212679109112|00212679109117|00212679109123|00212679109162|00212679109243|00212679109298|00212679109309|00212679109523|00212679109635|00212679109679|00212679109762|00212679109971|00212679335097|00212679335168|00212679335398|00212679335423|00212679335560|00212679335671|00212679335686|00212679335694|00212679335695|00212679335724|00212679335819|00212679335903|00212777644050|00212777644180|00212777644307|00212777644452|00212777644470|00212777644664|00212777644812|02212777644560,Hacking / Schadsoftware,Isoliertes Rechnungslegungs- und Inkassierungsverbot vom 12.05.2021 bis 22.12.2021
21.12.2021,008781070021913|008781070021948|008781070021940,Hacking,Isoliertes Rechnungslegungs- und Inkassierungsverbot sowie Auszahlungsverbot  am 11.12.2021
20.12.2021,0080076223701|0080076223702,Spam Fax,Abschaltung der Rufnummern vom 27.12.2021 bis 20.03.2022
17.12.2021,0080083646702 ,Spam Fax,Abschaltung der Rufnummer vom 24.12.2021 bis 17.03.2022
16.12.2021,015228120281|015228120285|015228120286|015228120262|015228120240,Spam SMS,Abschaltung der Rufnummern zum 21.12.2021
16.12.2021,015224369002,Spam SMS,Abschaltung der Rufnummer zum 21.12.2021
16.12.2021,01623739071|01623744819|01627522979|01745269298|01745371744|01745372308,Spam SMS,Abschaltung der Rufnummern zum 21.12.2021
15.12.2021,045371859871|045371859872,Spam Fax,Abschaltung der Rufnummern zum 21.12.2021
15.12.2021,055519909970,Internet PopUp,Abschaltung der Rufnummer zum 18.12.2021
15.12.2021,030214802532|030214802534|030214802536|030214802537|030214802538|030214802539|030214802540|030214802541,Telefonie Dialer,Abschaltung der Rufnummern zum 21.12.2021
14.12.2021,032127789005,Spam Fax,Abschaltung der Rufnummer zum 20.12.2021
10.12.2021,00263733424712|00212618819142|00212611490301|00212652607898|00212618819141|00212652607897|00212610190782|00212650775098|00212611490302|00263734597622|00212650775097|00258864571400|00213550959963|0021641652480,Hacking,Isoliertes Rechnungslegungs- und Inkassierungsverbot sowie Auszahlungsverbot vom 16.11.2021 bis 24.11.2021
08.12.2021,029389769899,Internet PopUp,Abschaltung der Rufnummer zum 11.12.2021
08.12.2021,024197798661,Internet PopUp,Abschaltung der Rufnummer zum 11.12.2021
08.12.2021,03022043764,Internet PopUp,Abschaltung der Rufnummer zum 11.12.2021
08.12.2021,050219919860,Internet PopUp,Abschaltung der Rufnummer zum 11.12.2021
07.12.2021,015221060493,Spam Fax,Abschaltung der Rufnummer zum 10.12.2021
07.12.2021,002486426323|002486426306|002486426303|002486426310,Hacking,Isoliertes Rechnungslegungs- und Inkassierungsverbot sowie Auszahlungsverbot für den 26.11.2022
07.12.2021,022519639939,Internet PopUp,Abschaltung der Rufnummer zum 10.12.2021
07.12.2021,042139047698,Internet PopUp,Abschaltung der Rufnummer zum 10.12.2021
07.12.2021,0021624179710|0021624313570|0021628277920|0021643464880|0021656216760|00218918518080|00218918518081|00218918518082|0022964137401|0022969344610|0022969361910|0022969444930|00231886140280|00233502252950|0023522599397|0023522599398|0023568881530|0023590030880|0023590098320|0023590098380|0023591173580|00245955475960|002486426309|002486426323|002486426680|002486426689|00254763256590|00254772117030|00254772435220|00254772832840|00254773041420|00254773717020|00254780231710|00254782748820|0025776554862|0025779763680|00258820011093|00258843478060|00258843478061|00258868225750|00261326737470|00261334032630|00261345109950|00261345229890|00261346234900|00263737751322|00265175718080|00265177077230|00265880925950|00265884331150|00265990900900|00265991013180|00265997199260|00265997327140|00265998375240|00265998444210|0026663429917|002917548532|00355684034724|0037065524290,Hacking,Isoliertes Rechnungslegungs- und Inkassierungsverbot sowie Auszahlungsverbot vom 26.11.2021 bis 29.03.2022
07.12.2021,0037065565310|0037068731960|0037069446800|00380679873580|00380934299830|00380934299833|00380934299834|00380935856450|00380937769040|00380937769520|00380939260710|00380939591580|00380949631120|00380949631121|00380949631122|0038268373771|0038761215550|0038765795960|0038766063480|0038971766290|00389722209934|004596222222|0050929406090|0050932072960|0050932737150|0050934807510|0050943100540|0050944497780|0050944575900|0050944652910|005926219290|005926266460|005927718460|005927718461|0059277184612|005927718462|006801265990|006801265991|00689895530|0077081506502|0077082432650|0077471473910|0077475067880|00870773823640|00870776110220|009609731650|009609845920|0096171847510|009647502037310|009647502240640|00989033571740|00989919043040|00989919043080|00995557963130|00995557963131|00995557963132|00996772931770|00996772931771|00996772931771777|00996776997520|00996776997521 ,Hacking,Isoliertes Rechnungslegungs- und Inkassierungsverbot sowie Auszahlungsverbot vom 26.11.2021 bis 29.03.2022
07.12.2021,00212610457620|00212610457630|00212611490320|00212618963320|00212623000050|00212623398120|00212623513060|00212623845500|00212624860410|00212628267960|00212639717340|00212639717720|00212650554797|00212650554798|00212650554799|00212650568599|00212650596599|00212652494199|00212652676099|00212652811399|00212681927180|00212688211060|00212691696790|00212694582050|00212766921950|00212767026770|00212777657290|0022955250430|0022964137402|0022967583310|00237650784010|00237674101040|00237674445360|002389861510|002389861590|002389861591|002389907580|002389907581|0025776554862|00263737751321|0026772291370|0026772291371|0026772291372|0026776787170|002697750260|002697764790|002697940030|002697940630|002697996990|0032465643580|0032465684710|0032465748200|0032465788420|0032466014560|00375173656620|00375173739460|00375212633920|00375214523410|00375222296380|00375222296381,Hacking,Isoliertes Rechnungslegungs- und Inkassierungsverbot sowie Auszahlungsverbot vom 23.11.2021 bis 25.03.2022
07.12.2021,00375222296382|00375222296383|00375222296384|00375222296386|00375222296387|00375222296388|00375223650421|00375223652790|00375223652791|00375223652792|00375224125340|00375228181650|00375228181651|00375228181652|00375228181810|00375228181811|00375228181812|00375232298990|00375236223863|00375281276510|00375296398940|00375335772370|00375802409540|00375802409541|00375802409542|00380503715657|00380505584522|00380959681917|00380959681918|00381655801010|0038763267640|0038763267641|0038763267642|00436768831160|00593967885710|006801265921|006806556692|0077007767636|00994124048830|00994400501013|00994506141330|00994506141331|00994506141332|00994507706060|00994507706061|00994507706062|00994509344500|00994509344501|00994509344502|00994556699860|00994557514660,Hacking,Isoliertes Rechnungslegungs- und Inkassierungsverbot sowie Auszahlungsverbot vom 23.11.2021 bis 25.03.2022
03.12.2021,045371859940|045371859941|045371859942|045371859943|045371859944|045371859945|045371859946|045371859947|045371859948|045371859949,,Abschaltung der Rufnummern zum 08.12.2021
30.11.2021,08962824298,Drittnutzung|Vortäuschen von Ortsansässigkeit,Abschaltung der Rufnummer zum 03.12.2021
29.11.2021,08008811774|08008866331,Spam SMS,Abschaltung der Rufnummern zum 02.12.2021
29.11.2021,08009922784|08009922787,Spam SMS,Abschaltung der Rufnummern zum 02.12.2021
29.11.2021,015119475044,Spam SMS,Abschaltung der Rufnummer zum 02.12.2021
29.11.2021,01601174123,Spam SMS,Abschaltung der Rufnummer zum 02.12.2021
26.11.2021,032123141510,Spam Fax,Abschaltung der Rufnummer zum 03.12.2021
25.11.2021,015221055657,Spam Fax,Abschaltung der Rufnummer zum 01.12.2021
25.11.2021,00212610190781|00212610190782|00212613440099|00212650775097|00212650775098|00212650775099|00212652607897|00212652607898|00212652607899|00212652811399|0021654426897|0021654426898|0021654426899|0022382134740|0022573444920|0022573444921|0022964137402|0023522599399|0023566459480|0025377013730|00254113411480|00263730248103|00263731735631|00263732133492|00263733424712|00263733456261|00263733763181|00263733763961|00263733763962|00263734597631|00263734597632|00263738597451|00263738792282|00263739605241|00265880194160|00265887347120|00265996984210|00265997078690|00265997327170,Hacking,Isoliertes Rechnungslegungs- und Inkassierungsverbot sowie Auszahlungsverbot vom 19.11.2021 bis 22.03.2022
25.11.2021,00265997968610|00265998043060|00265998196780|00265998375240|00265998444010|00265998444210|00265998444760|00265998929010|00265998929090|0026659579900|0038975884470|0038977595440|0050995529071|0059342698640|00593982110310|00593982110311|00593982110312|00593982115490|00593982115491|00593982115492|00593996236900|00593996728250|00593996728251|00593996728252|00593996777960|00593996920010|00593996992020|006800003910|006800046220|006801265920|006801265921|006801265922|006806556690|006806556691|006806556692|00870776101599,Hacking,Isoliertes Rechnungslegungs- und Inkassierungsverbot sowie Auszahlungsverbot vom 19.11.2021 bis 22.03.2022
24.11.2021,11838,Preisangabe|Preisansage|Preishöchstgrenze|Umgehungsmodell,Abschaltung der Rufnummer zum 30.11.2021
24.11.2021,00212693395077|0046903433903|00380632023627|00972567288965|00972592645903|0033640002905|00218953061667|00218953061633|00218928917650|00218928917656|00218928917647,Hacking,Isoliertes Rechnungslegungs- und Inkassierungsverbot sowie Auszahlungsverbot vom 14.08.2021 bis 30.08.2021
23.11.2021,0021622243257|0021622431044|0021622664637|0021622732138|0021624052597|0021625001530|0021625037421|0021625151557|0021625244571|0021626070478|0021626313136|0021627007978|0021627126379|0021627138497|0021627210942|0021628236457|0021628243759|0021628277943|0021628294385|0021628299944|0021628315074|0021629013109|0021629014881|0021629017271|0021641011639|0021658011548|0021658704964|00212612006071|00212614000327|00212614000430|00212614000578|00212614000829|00212614000855,Hacking,Isoliertes Rechnungslegungs- und Inkassierungsverbot sowie Auszahlungsverbot vom 24.07.2021 bis 23.11.2021
23.11.2021,00212614000885|00212614000929|00212614010477|00212614012812|00212614013607|00212614015441|00212614018288|00212614018794|00212617001078|00212617004333|00212619001070|00212619005499|00212619005719|00212619005733|00212619006308|00212621000657|00212621000822|00212621000842|00212657004518|00212657004959|00212660175604|00212660177873|00212660230041|00212660250428|00212660253633|00212660256300|00212660262245|00212660262861|00212669002262|00212669017131|00212693000005,Hacking,Isoliertes Rechnungslegungs- und Inkassierungsverbot sowie Auszahlungsverbot vom 24.07.2021 bis 23.11.2021
23.11.2021,0015638003528|00212569161993|00212579335142|00212589161127|00212614003538|00212614018309|00212619006220|00212619009239|00212657004959|00212657009932|00212669161024|00212669161137|00212669161139|00212669161340|00212669161484|00212669161901|00212678335315|00212679109103|00212679109200|00212679109332|00212679109574|00212679109707|00212679109750|00212679109785|00212679135816|00212679335357|00212679335463|00212679335466|00212679335550|00212679335609|00212679335647|00212679335782|00212679335861|00212679335989|00212679335996|00212679336575|00212689161906|00212777644284|00212777644285|00212777644334|00212777644513|00212777644740|00212777644757|00212777644910|00212777644958|00212777844269|00212777844456|00212879335099|0021620628884|0021622104259|0021622408258|0021626035102|0021627103273|0021627142618|0021629017578|0021629017794|0021650301037|0021653202508|0021653400187|0021654400130,Hacking,Isoliertes Rechnungslegungs- und Inkassierungsverbot sowie Auszahlungsverbot vom 25.05.2021 bis 23.11.2021
23.11.2021,00212612006842|00212614011691|00212614011795|00212614015140|00212619003483|00212657001640|00212660182999|00212660236302|00212669015487|00212669017592|0021620361307|0021620453247|0021621165247|0021621506238|0021623000086|0021623444790|0021625189696|0021626168927|0021626308869|0021627001965|0021627105217|0021629013087,Hacking,Isoliertes Rechnungslegungs- und Inkassierungsverbot sowie Auszahlungsverbot vom 08.08.2021 bis 23.11.2021
23.11.2021,00212610190780|00212610190781|00212610457600|00212611490300|00212611490301|00212611490302|00212611490310|00212611619430|00212618819140|00212618819141|00212618819142|00213537375302|00213550959963|00213555449622|00213568295991|00213661619807|0021641652480|0021654399997|0021655507481|0022566937180|0022566937181|0022588194650|0022588194651|0022588605890|0022588605891|0022588605892|0022589616080|0022589616081|0022589616082|0022674659480|0022677572810|0022677948000|0022770699400|0022786914370|0022787160670|00245955018660|00245955672560|00258840305760|00258842985250 ,Hacking,Isoliertes Rechnungslegungs- und Inkassierungsverbot sowie Auszahlungsverbot vom 16.11.2021 bis 18.03.2022
23.11.2021,00258843416820|00258845781680|00258846717710|00258861562990|00258862396940|00258864100000|00258864571400|00258864636270|00258868151900|00258868155542|00263732133594|00263734597621|00263734597622|00375236223991|00380917726812|00380917941540|00380917941541|00380917941542|00380918083440|00380918083441|00380919086010|0038760333660|0038761268970|0038761580860|0038761599400|0038761638290|0038761680170|0050558656020|0050928111990|0050944906990|0050949045930|0050949078800|0050949462210|0068631233682|00687836410|00687837230|00687838430|00687892870|0077082747892|,Hacking,Isoliertes Rechnungslegungs- und Inkassierungsverbot sowie Auszahlungsverbot vom 16.11.2021 bis 18.03.2022
19.11.2021,021732653028|021739992180|021739992181|021739992182|021739992183|021739992184|021739992185|021739992186|021739992187|021739992188|021739992189|021739992191|021739992192|021739992193|021739992194|021739992195|021739992196|021739992197|021739992198,Spam Fax,Abschaltung der Rufnummern zum 22.11.2021
19.11.2021,045373750985|045373750988,Spam Fax,Abschaltung der Rufnummern zum 22.11.2021
19.11.2021,0021620314639|0021620366307|0021620575728|0021621243986|0021621398057|0021622704940|0021623004332|0021623037883|0021623333109|0021623367463|0021624424133|0021626024419|0021626025140|0021626039906|0021627128561|0021627221678|0021628196217|0021628251260|0021628259839|0021628323221|0021628335263|0021628369560|0021629003982|0021629004303|0021629006316|0021629013698|0021629016676|0021655500660|0021655701674|0021656202792|0021658514657|00212612000962|00212612008299|00212614002463|00212614005824|00212614006336|00212614007344|00212614010618|00212614015759|00212614018723|00212614019065|00212617002784|00212619000635|00212619007851|00212656000361|00212656000466|00212657001456|00212657001904|00212657006661|00212657009593|00212660177490|00212660237266|00212660245635|00212660248677|00212660251272|00212660252767|00212660255496|00212660259884|00212669011560,Hacking / Schadsoftware,Isoliertes Rechnungslegungs- und Inkassierungsverbot vom 16.09.2021 bis 19.11.2021
17.11.2021,032127070300,Spam Fax,Abschaltung der Rufnummer zum 22.11.2021
17.11.2021,015207805546,Umgehungsmodell,Abschaltung der Rufnummer zum 20.11.2021
17.11.2021,015205713844,Umgehungsmodell,Abschaltung der Rufnummer zum 20.11.2021
16.11.2021,037241263868,Internet PopUp,Abschaltung der Rufnummer zum 19.11.2021
16.11.2021,023619949700,Internet PopUp,Abschaltung der Rufnummer zum 19.11.2021
15.11.2021,021732653630|021732653631|021732653632|021732653633|021732653634|021732653635|021732653636|021732653637|021732653638|021732653639,Spam Fax,Abschaltung der Rufnummern zum 18.11.2021
12.11.2021,015221060435,Spam Fax,Abschaltung der Rufnummer zum 15.11.2021
10.11.2021,032126060700,Spam Fax,Abschaltung der Rufnummer zum 15.11.2021
09.11.2021,071317749952,Internet PopUp,Abschaltung der Rufnummer zum 12.11.2021
08.11.2021,015203552315,Spam Fax,Abschaltung der Rufnummer zum 12.11.2021
08.11.2021,08001814743,Internet PopUp,Abschaltung der Rufnummer zum 11.11.2021
05.11.2021,033198394698,Internet PopUp,Abschaltung der Rufnummer zum 09.11.2021
05.11.2021,036419254600,Internet PopUp,Abschaltung der Rufnummer zum 09.11.2021
05.11.2021,093729849891,Internet PopUp,Abschaltung der Rufnummer zum 09.11.2021
02.11.2021,01745222174,Umgehungsmodell,Abschaltung der Rufnummer zum 05.11.2021
29.10.2021,015221060360,Spam Fax,Abschaltung der Rufnummer zum 02.11.2021
29.10.2021,08938037899,Spam SMS,Abschaltung der Rufnummer zum 02.11.2021
27.10.2021,0022788278410|0022789021071|0022798919842|0022799392540|0022799408570|00251993180921|00251993180922|00258840900770|00258841016690|00258850632870|00258850635710|00258868155540|00258868155542|0026669199518|0026669199539|0037368971590|00380501387890|00380501997910|00380503065210|00380503065211|00380503065212|00380503065280|00380503065290|00380503065291|00380506190590|00380509238360|00380917046572|00380917046821|00380917046822|00380917726810|00380917941540|00380917941541|00380917941542|0038268373780|0038268390290|0038268398170|0038268434010|0038268496070|0038268499530|0038268614180|006621368929|006623099999|006627056200|0066973091804|0068631233681|00687263210|00687418120|00687835280|00687836440|006916561200|006917435610|006917780500|0077007088090|0077007088091|0077007088092|00995591688531|00995591688532|00995595052301|00995595052302|00996778418560,Hacking,Isoliertes Rechnungslegungs- und Inkassierungsverbot sowie Auszahlungsverbot vom 22.10.2021 bis 25.02.2022
26.10.2021,08938034041,Spam SMS,Abschaltung der Rufnummer zum 29.10.2021
25.10.2021,032126677886,Spam Fax,Abschaltung der Rufnummer zum 28.10.2021
25.10.2021,08922061315,Spam SMS,Abschaltung der Rufnummer zum 28.10.2021
22.10.2021,071120505857,Internet PopUp,Abschaltung der Rufnummer zum 26.10.2021
20.10.2021,015252012258,Spam Fax,Abschaltung der Rufnummer zum 25.10.2021
18.10.2021,00213550309938|00213550349959|00213550349965|00213550349998|00213555448943|00213557019591|00213557019601|00213557019775|00213557019881|00213557019901|00213557754710|00213570151356|00213660039990|00213661619868|00213661619918|00213661619952|00213771289310|00213781849860|00213783302660|00213783500540|00213791165050|00213795169946|00213796054250|0022799264092|0022964137400|0022964137401|002389361240|0026774570130|00355699595070|00375294100423|00375294781151|00375294781161|00380487408629|00380660661720|00380669519992|00380682974371|00380733800239|00380737670217|00380917046570|00380917046940|00380917046941|00380917046942|00380917046942000|00380932013850|005330202002|00533031415,Hacking,Isoliertes Rechnungslegungs- und Inkassierungsverbot sowie Auszahlungsverbot vom 12.10.2021 bis 14.02.2022
15.10.2021,015237770276,Umgehungsmodell,Abschaltung der Rufnummer zum 18.10.2021
14.10.2021,070331249970,Internet PopUp,Abschaltung der Rufnummer zum 18.10.2021
13.10.2021,01634635762,Spam Fax,Abschaltung der Rufnummer zum 18.10.2021
13.10.2021,0077004732500|0077004732503|0077004732504|0077007048061|0077012008000|0077070174061|0077070239421|0077070264948|0077070264980|0077071060101|0077071078801|0077071099727|0077071099768|0077079064823|0078401360810|0078401360814|0078401360820|0078401360823|0078401360828|0078401400201|0078401400210|0078401400218|0078501670590|0078502319180|0078502319182|0078502319183|0078502319185|0078502319186|0078504595120|0079156290000|0079187323000|0079585769400,Hacking,Isoliertes Rechnungslegungs- und Inkassierungsverbot sowie Auszahlungsverbot vom 09.10.2021 bis 10.10.2021
12.10.2021,00213537379516|00213537379588|00213537379827|00213537379845|00213537379929|00213550219950|00213550239870|00213550959808|00213550959963|00213550959966|00213555448943|00213555448950|00213555449226|00213555449622|00213555449718|00213555449964|00213656258910|00213656258911|00213664408860|00213664408870|00213664408880|00213664459020|00213675489060|00213777879920|00213778429910|00213787419895|00213790119292|0037491781550|0037491799490|0037491799493|0037491945171|0037491945172|0037491945174,Hacking,Isoliertes Rechnungslegungs- und Inkassierungsverbot sowie Auszahlungsverbot vom 08.10.2021 bis 11.02.2022
11.10.2021,00212619000791|00212657003380|00212669017598|00212669019324|0021640960262|0021691356444|0021691769559|0021692595629|0021693025272|0021693617625|0021694151729|0021694353690|0021695443275|0021697142233|0021697862571|0021698175150|0021699722587|0021699873350,Hacking / Schadsoftware,Isoliertes Rechnungslegungs- und Inkassierungsverbot vom 27.06.2021 bis 11.10.2021
11.10.2021,03022044831,Internet PopUp,Abschaltung der Rufnummer zum 14.10.2021
08.10.2021,050528049725,Internet PopUp,Abschaltung der Rufnummer zum 12.10.2021
08.10.2021,03022180735,Internet PopUp,Abschaltung der Rufnummer zum 12.10.2021
08.10.2021,015214461705,Predictive Dialer,Abschaltung der Rufnummer zum 12.10.2021
07.10.2021,015903919281,Predictive Dialer,Abschaltung der Rufnummer zum 11.10.2021
07.10.2021,0088216101770|0088216101773|008821622775301|008821622775317|008821622775318|008821622775319|008821622776233|008821622778424,Hacking,Isoliertes Rechnungslegungs- und Inkassierungsverbot sowie Auszahlungsverbot am 22.09.2021
06.10.2021,015256085813,Spam Fax,Abschaltung der Rufnummer zum 11.10.2021
06.10.2021,043153570730,Internet PopUp,Abschaltung der Rufnummer zum 09.10.2021
06.10.2021,039012824916,Internet PopUp,Abschaltung der Rufnummer zum 09.10.2021
06.10.2021,042219284848,Internet PopUp,Abschaltung der Rufnummer zum 09.10.2021
06.10.2021,036020203670,Internet PopUp,Abschaltung der Rufnummer zum 09.10.2021
06.10.2021,035624333703,Internet PopUp,Abschaltung der Rufnummer zum 09.10.2021
05.10.2021,040524723763,Predictive Dialer,Abschaltung der Rufnummer zum 08.10.2021
05.10.2021,015227884997,Umgehungsmodell,Abschaltung der Rufnummer zum 08.10.2021
04.10.2021,032125544336,Spam Fax,Abschaltung der Rufnummer zum 07.10.2021
01.10.2021,015255848351,Umgehungsmodell,Abschaltung der Rufnummer zum 04.10.2021
01.10.2021,015752527133|015755468754|015755487323|015755487671|015755489345|015755489389|015755731594|015755731682|015757014208|015757014241|015757014256|015757014365|015757014373|015757014401|015757014448,Spam SMS,Abschaltung der Rufnummern zum 04.10.2021
29.09.2021,015251528810,Spam Fax,Abschaltung der Rufnummer zum 04.10.2021
28.09.2021,015221060146,Spam Fax,Abschaltung der Rufnummer zum 01.10.2021
28.09.2021,065127033468|065127033588|065193646277|039499179669|039499179821,Drittnutzung,Abschaltung der Rufnummern zum 01.10.2021|Portierungsverbot
23.09.2021,0032480310501|0032480310502|0032480310503|0032480310505|0032480310506|0032480310560|0032480310563|0032480310566|0032480310711|0032480310901|0032480310906|0032480310914|0032480310918|0032480310921|0032480310924|0032480310935|0032480310940|0032480310979|0032480310994|0041742790322|0041742790580|00417427908083|0041742790890|0041742790891|0041742790892|0041742790893|0041742790894|0041742790895|0041742790896|0041742790897|0041742790898|0041742790899|0041742791590|0041742792022|0041742792024|0041742792051|0041742792052|0041742792053|0041742792057|0041742792058|0041742792256|0041742793273|0041742793361|0041742793362|0041742796060|0041742796510|0041742796570|0079981008170|0079981008172|0079981008174|0079981008176|0079981008179|0079984201702|0079984201704|0079984201735|0079987073205|0079987073215|0079987073216|0079989374077|0079989374079,Hacking,Isoliertes Rechnungslegungs- und Inkassierungsverbot sowie Auszahlungsverbot vom 05.09.2021 bis 09.09.2021
23.09.2021,01801011078|01801110086|01801933333|01803031078|01803337878|01805002452|01805002558|01805008855|01805009320|01805051078|01805110086|01805598080,Hacking,Isoliertes Rechnungslegungs- und Inkassierungsverbot sowie Auszahlungsverbot vom 25.04.2021 bis 03.06.2021
22.09.2021,00375291819121|00375291822343|00375291842793|00375291854755|00375295816433|00375333058157|00375333058613|00375333058635|00375333058863|00375333173456|00375333173790|00375333257402|00375333390965|00375333390970|00375333499239|00375333499420|00375333499468|00375333499557|00375333499838|00375333645380|00375333677011|00375333677319|00375333677541|00375333677824|00375333677917|00375333700071|00375333700548|00375333700658|00375333700685|00375333700903|00375333789281|00375333792126|00375333792521|00375333792873|00375333899030|00375333899343|00375333899354|00375333899387|00375333899456|00375333899808|00375333994081|00375333994095|00375333994199|00375333994558,Hacking,Isoliertes Rechnungslegungs- und Inkassierungsverbot sowie Auszahlungsverbot am 16.09.2021
22.09.2021,00375333994887|00375333994946|00375336130234|00375336130457|00375336130583|00375336130694|00375336214450|00375336214817|00375336250610|00375336250848|00375336258028|00375336258332|00375336258447|00375336258841|00375336258939|00375336258975|00375336312499|00375336312520|00375336312581|00375336312847|00375336320825|00375336468103|00375336468176|00375336468284|00375336468465|00375336576325|00375336576336|00375336576552|00375336576601|00375336576641|00375336576737|00375336576759|00375336627096|00375336627481|00375336627869|00375336715792|00375336724107|00375336724604|00375336726020|00375336726565|00375336726983|00375336781328|00375445878983,Hacking,Isoliertes Rechnungslegungs- und Inkassierungsverbot sowie Auszahlungsverbot am 16.09.2021
16.09.2021,0216199058|021619905811|021619905824|021619905830|021619905831|021619905834|021619905835|021619905836|021619905837|021619905840|021619905842|021619905843|021619905846|021619905848|021619905850|021619905852|021619905853|021619905856|021619905857|021619905860|021619905861|021619905867|021619905869|021619905873|021619905875|021619905880|021619905881|021619905883|021619905884|021619905885|021619905886|021619905887|021619905888|021619905892|021619905894|021619905897|021619905898|021619905899,Predictive Dialer,Abschaltung der Rufnummern zum 21.09.2021
15.09.2021,01629520221,Umgehungsmodell,Abschaltung der Rufnummer zum 18.09.2021
15.09.2021,01745121080,Umgehungsmodell,Abschaltung der Rufnummer zum 18.09.2021
14.09.2021,01634519690,Spam Fax,Abschaltung der Rufnummer zum 17.09.2021
10.09.2021,032121116315,Spam Fax,Abschaltung der Rufnummer zum 14.09.2021
10.09.2021,032121230022,Spam Fax,Abschaltung der Rufnummer zum 14.09.2021
08.09.2021,022412664960,Spam Fax,Abschaltung der Rufnummer zum 13.09.2021
06.09.2021,01632266770|01632266835|01632397242|01632456046|01632476993|01632640507|01632640565|01632671838|01632671900|01633365530|01633367699|01633367725|01633484109|01633484346|01633484590|01633484649|01633484730|01633485012|01633485014|01633485072|01633485802|01633485957|01633487467|01633488467|01633500095|01633512608|01633512869|01633513463|01633514769|01633518139|01789220762|015737778224|015755617085|015755635856|015755635989|015757553259|015757888881|015757888958|015757888964|015757889297|015757889628|015758140023|015758140081|015758140090|015758140181|015758140216|015758140293|015758143136|015758143312|015758143384|015758143409|015758143957|015759453073|015759453987|015759454101|015759454175|015759454647|015759454659|017687097267|017616815951|017687097266,Spam SMS,Abschaltung der Rufnummern zum 09.09.2021
06.09.2021,04042308942,Internet PopUp,Abschaltung der Rufnummer zum 09.09.2021
01.09.2021,0013049002821|00213557656202|0021650691316|0021656690005|0022897633342|0025769228406|00258850010535|0026668252903|0037256160679|0037367480723|0037367554800|00381195398200|0050557900262|005322650129|005324423611|005330588503|005331981265|005331995304|005331995340|005331995383|005331995390|005331997560|005332627807|005345411255|005376772018|005378033006|005378033013|005378033017|005378033081|005378119295|005378294010|005378401031|005378702690|006753967903|006753967907|006753967935|006753967992|0067588200133|0067588200150|006857215136|006857391384|006858351707|00795408808|0079547000075|0079697530544,Hacking,Isoliertes Rechnungslegungs- und Inkassierungsverbot sowie Auszahlungsverbot vom 27.08.2021 bis 31.12.2021
01.09.2021,024192787823,Spam Fax,Abschaltung der Rufnummer zum 06.09.2021
30.08.2021,024038824992,Spam Fax,Abschaltung der Rufnummer zum 02.09.2021
27.08.2021,037164964848|037164964638,Internet PopUp,Abschaltung der Rufnummern zum 31.08.2021
25.08.2021,06920446658|06920135957|04025467768,Sonstiges,Abschaltung der Rufnummern zum 30.08.2021
25.08.2021,075648869792,Internet PopUp,Abschaltung der Rufnummer zum 28.08.2021
25.08.2021,050528049732|050528049785,Internet PopUp,Abschaltung der Rufnummern zum 28.08.2021
25.08.2021,090717989784,Internet PopUp,Abschaltung der Rufnummer zum 28.08.2021
25.08.2021,024197798787,Internet PopUp,Abschaltung der Rufnummer zum 28.08.2021
23.08.2021,015167526967|015157422633|015157424151|016091350180|01759733641,Spam SMS,Abschaltung der Rufnummern zum 26.08.2021
19.08.2021,01626063209|01626068196|015206119402|015207089161|015224369311|015228120242|015228120243|015228120246|015228120248|015228120258|015228120259|015228120260|015234795572|015234795815,Spam SMS,Abschaltung der Rufnummern zum 23.08.2021
18.08.2021,024216954905,Spam Fax,Abschaltung der Rufnummer zum 21.08.2021
18.08.2021,063521529676,Internet PopUp,Abschaltung der Rufnummer zum 21.08.2021
05.08.2021,00380630005921|00380631824130|00380631824169|00380631827310|00380631827311|00380631827395|00380631828928|00380631829654|00380632220407|00380932016913|00380932016994|00380933300269,Hacking,Isoliertes Rechnungslegungs- und Inkassierungsverbot sowie Auszahlungsverbot vom 31.07.2021 bis 02.08.2021
03.08.2021,03080098890,Drittnutzung|Vortäuschen von Ortsansässigkeit,Abschaltung der Rufnummer zum 06.08.2021|Portierungsverbot
29.07.2021,036175044834,Internet PopUp,Abschaltung der Rufnummer zum 02.08.2021
29.07.2021,037164964646,Internet PopUp,Abschaltung der Rufnummer zum 02.08.2021
29.07.2021,0018297973246|0018762809750|00201001888888|00201068081950|00201146989129|00201146991293|0022241052437|0022383764849|0022392930254|0022392930300|0022392930380|0022968729354|0022968729356|0023577937615|0024105005184|0024105750106|0024105750147|0024105750148|0024105750152|0024105751050|0024105751070|002410612492|002410612662|00245963795201|00245969702011|0025274000040|00263773483993|0032476561371|00355680277107|00355682377680|00355683499785|00355683901060|00355683952580|00355684524160|00355686080230|00355686899374|00355689311090|00355689899010|00355691939848|00355692098830|00355692098835|0050432006390,Hacking,Isoliertes Rechnungslegungs- und Inkassierungsverbot sowie Auszahlungsverbot vom 01.07.2021 bis 10.07.2021
29.07.2021,0050588135075|0050762818773|005364608303|005364608309|0061402702157|006783331292|006783331293|006783331296|006783331298|006783331417|006783331418|006783331419|006783865710|006785084408|006785088811|006785094101|006785094115|006785094117|006785094119|006785098811|006785098861|006785098887|006785098893|0068650808140|0088213464390|00882161013064|00882161013065|00882161013067|00882169020753776|0088233011210|0088233011852|0088233011854|0088233011855|0088233710120|0088233910116|0088234720078|00886916652491|00886986611726|0093774136257|0094711310110|00966534815601|00966534815668,Hacking,Isoliertes Rechnungslegungs- und Inkassierungsverbot sowie Auszahlungsverbot vom 01.07.2021 bis 10.07.2021
28.07.2021,032127777678,Spam Fax,Abschaltung der Rufnummer zum 03.08.2021
28.07.2021,017670993737,Drittnutzung,Abschaltung der Rufnummer
28.07.2021,0013459231516|0015627127686|0018297973246|0018762809750|00201001888888|00201068081950|00201092233385|00201146989129|00201146991293|0022241052437|0022383764849|0022392930254|0022392930300|0022392930380|0022968729354|0022968729356|0023577937615|0024105005184|0024105750106|0024105750147|0024105750148|0024105750152|0024105751050|0024105751070|002410612492|002410612662|00245963795201|00245969702011|0025274000040|00263773483993|0032476561371|00355680277107|00355682377680|00355683499785|00355683901060|00355683952580|00355684524160|00355686080230|00355686899374|00355689311090|00355689899010|00355691939848|00355692098830|00355692098835|00442394200411|0050432006390|0050588135075|0050762818773|00525614429178,Hacking,Isoliertes Rechnungslegungs- und Inkassierungsverbot sowie Auszahlungsverbot vom 01.07.2021 bis 10.07.2021
28.07.2021,005364608303|005364608309|0059996852697|0061402702157|0063673397555|0063673397556|0063673397557|006783331292|006783331293|006783331296|006783331298|006783331417|006783331418|006783331419|006785084408|006785088811|006785094101|006785094115|006785094117|006785094119|006785098811|006785098861|006785098887|006785098893|0068650808140|0088213464390|00882161013064|00882161013065|00882161013067|00882169020753776|0088233011210|0088233011852|0088233011854|0088233011855|0088233710120|0088233910116|0088234720078|00886916652491|00886933349713|00886933349714|00886986611726|0094711310110|00966534815601|00966534815668|00966572171431|00966572171439|0097222220162|0097292344256,Hacking,Isoliertes Rechnungslegungs- und Inkassierungsverbot sowie Auszahlungsverbot vom 01.07.2021 bis 10.07.2021
27.07.2021,015227874564|015227790324|015227798137|015227875246|015257288310,Spam Fax,Abschaltung der Rufnummern zum 30.07.2021
27.07.2021,09005292009|01377770130|01377770190|01377772102|01377772103|01377772122|01377772181,Sonstiges,Abschaltung der Rufnummern zum 30.07.2021
27.07.2021,09005558855|01377440180,Sonstiges,Abschaltung der Rufnummern zum 30.07.2021
23.07.2021,015203235249|015227775708|015227775785|015227775806|015227775987|015227776014|015227776023|015227776054|015227776123|015227776127|015227776176,Spam SMS,Abschaltung der Rufnummern zum 26.07.2021
23.07.2021,021138536814,Spam SMS,Abschaltung der Rufnummer zum 26.07.2021
23.07.2021,015110292550|015128375093||015157421929|015157439859|015164804434|015164825114|015164832069|015164835882|015164888911|015165081117|015175060213|01606205742|016093809874|016093854963|016097027943|01752294547,Spam SMS,Abschaltung der Rufnummern zum 26.07.2021
23.07.2021,076219864924,Spam SMS,Abschaltung der Rufnummer zum 26.07.2021
23.07.2021,062139739855,Spam SMS,Abschaltung der Rufnummer zum 26.07.2021
22.07.2021,098379749994,Internet PopUp,Abschaltung der Rufnummer zum 26.07.2021
22.07.2021,021138539986,Internet PopUp,Abschaltung der Rufnummer zum 26.07.2021
21.07.2021,01759783531|01752111899|016098768284|016098722283|015165925899|015165925894|015164617601|015164617380|015157488586|015157424265|015153319348|015119407571|015112095896,Spam SMS,Abschaltung der Rufnummern zum 24.07.2021
20.07.2021,061859659715,Internet PopUp,Abschaltung der Rufnummer zum 23.07.2021
20.07.2021,0022899481420|0022899634294|0022899688350|0022899688358|0022899688359|0022899688900|0022899692000|0022899692008|0022899776397|0022899917003|0022899917281|0022899947500|00237655170304|00237655170311|00237655776655|00237656226820|00237656226827|00237656226830|00237656369974|00237656369991|00237656369994|00237656708422|00237656973236|00237657169600|00237657351737|00237657639226|00237657912150|00237657912163|00237657912184|00237659332015|00237661210201|00237671555590|00237682761301|00237691307900|00237691679611|00237691679612|00237695659978|00237697521400|00237697533951|00237697712811|00237697782207|00237697782229|00237697782250|00237697782251|00237697782266|00237697782267|00237697889100|00237698511587,Hacking,Isoliertes Rechnungslegungs- und Inkassierungsverbot sowie Auszahlungsverbot vom 03.07.2021 bis 09.07.2021
20.07.2021,00237699838201|0037321133109|0037321693101|0037321693107|0037322349313|0037326352000|0037326352001|0037326352002|0037326794172|0037326941110|0037326941116|0037326941118|0037326941119|0037326942430|0037326942470|0037362124945|0037365019120|0037365022100|0037365026356|0037365032582|0037365032585|0037365034689|0037365034695|0037365034696|0037365034735|0037365034775|0037365052792|0037365054184|0037365054195|0037365055900|0037744002320|0037744003560|0037744003684|0037744003685|0037744003686|0037744003687|0094710148033|0094711018300|0094711169331|0094711169734|0094711169788|0094711257405|0094711257423|0094711257762|0094712218966|0094717138600|0094719610775|0094719610816|0094719677293|0094719677379|0094719677488|0094719677570|0094719677787|0094719763342|0094719763408|0094719763527|0094719763630|0094719763811|0094750110842|0094750110843|0094750364953|0094750681060|0097477135131|0097477135136|0097477135137,Hacking,Isoliertes Rechnungslegungs- und Inkassierungsverbot sowie Auszahlungsverbot vom 03.07.2021 bis 09.07.2021
16.07.2021,15776500410,Predictive Dialer,Abschaltung der Rufnummer zum 19.07.2021
16.07.2021,01625884677,Spam SMS,Abschaltung der Rufnummer zum 19.07.2021
16.07.2021,076219864899,Spam SMS,Abschaltung der Rufnummer zum 19.07.2021
15.07.2021,042139047733,Spam SMS,Abschaltung der Rufnummer zum 19.07.2021
14.07.2021,01794123692,Predictive Dialer,Abschaltung der Rufnummer zum 17.07.2021
14.07.2021,028713619637,Internet PopUp,Abschaltung der Rufnummer zum 17.07.2021
13.07.2021,073618069739,Internet PopUp,Abschaltung der Rufnummer zum 16.07.2021
12.07.2021,028713619663,Internet PopUp,Abschaltung der Rufnummer zum 15.07.2021
12.07.2021,034491294766,Internet PopUp,Abschaltung der Rufnummer zum 15.07.2021
12.07.2021,021138536826,Spam SMS,Abschaltung der Rufnummer zum 15.07.2021
09.07.2021,028713619634,Internet PopUp,Abschaltung der Rufnummer zum 12.07.2021
09.07.2021,021138536800,Spam SMS,Abschaltung der Rufnummer zum 12.07.2021
09.07.2021,015227776051,Spam SMS,Abschaltung der Rufnummer zum 12.07.2021
07.07.2021,050528049627,Internet PopUp,Abschaltung der Rufnummer zum 10.07.2021
07.07.2021,00213650071002|0022671735420|0022894584100|0022894584101|0022898031067|00233264363810|00233550260500|002367751400000|002367751500000|00260955825000|00375447910100|0038751768022|0050163743520|005016639037|00505241872200|0050928107810|0050928140149|0050928170290|0050928170627|0050931876003|0050931940186|0050931940515|0050933910209|0050938870141|0050938870634|0050938870800|0050939473740|0050944560600|0050944786930|0050946370421|0050947760020|00551112402122|0059167386810|0067691079|0067691080|0067693127|0067693128|0067693770|0067694019|0067694900|0067694900123|0067694920|0067694921|0067694922|0067694923|0067694973|0067695328|0067695329|0067696350|006769929174|006769929177|006769929178|00994400130000|00994407586844|00994708169000,Hacking,Isoliertes Rechnungslegungs- und Inkassierungsverbot sowie Auszahlungsverbot vom 02.07.2021 bis 05.11.2021
06.07.2021,060638229755,Internet PopUp,Abschaltung der Rufnummer zum 09.07.2021
30.06.2021,015147213977|015147423902|015147477715|015147616974|015147653905|015147768508|015147814071|015147870943|015157424473|015172046720|016098700189|016098714899|016098719404|016098729033|016098738481|016098778646|016098779249|015147110084|015172046719|01754569776,Spam SMS,Abschaltung der Rufnummern zum 03.07.2021
30.06.2021,015157440420,Spam SMS,Abschaltung der Rufnummer zum 03.07.2021
30.06.2021,01625864972|01625864974|015227776026|015227882069,Spam SMS,Abschaltung der Rufnummern zum 03.07.2021
30.06.2021,01625922141,Spam SMS,Abschaltung der Rufnummer zum 03.07.2021
24.06.2021,0018766712422|0021692753796|00237663149017|00251475808152|00251475808277|00251475808589|0050587713612|00995597365094|00995597365579|00995597398364,Hacking,Isoliertes Rechnungslegungs- und Inkassierungsverbot sowie Auszahlungsverbot vom 12.06.2021 bis 13.06.2021
23.06.2021,071615099721,Internet PopUp,Abschaltung der Rufnummer zum 26.06.2021
23.06.2021,01625884679|01625894821|01626067652|01625894135|01626067657|015206119254|015206119365|015206119367,Spam SMS,Abschaltung der Rufnummern zum 26.06.2021
23.06.2021,015147944672|015165082193|015165925888|015147475244|015147401003|015147726726|015167530977,Spam SMS,Abschaltung der Rufnummern zum 26.06.2021
22.06.2021,06920134946,Internet PopUp,Abschaltung der Rufnummer zum 25.06.2021
17.06.2021,032127008009,Spam Fax,Abschaltung der Rufnummer zum 22.06.2021
16.06.2021,032121460314,Spam Fax,Abschaltung der Rufnummer zum 21.06.2021
15.06.2021,015238414243|015256424175|015256424207|015221060114|015221060471,Spam Fax,Abschaltung der Rufnummern zum 18.06.2021
10.06.2021,015755731585|015755732099|015755731919|015750933092|015750933108|015750933095|015750933079|015755731543|015755731594|015755731764|015755731657|015755731548|015755731605|015755731642|015755731563|015755731409|015755731378|015757731399|015755731682|015755731765|015753847501|015753847410|015753847363|015753847512|015755393764|015755731745|015750932933|015750932896|015750932909|015750932913|015755731414|015755731399|015751008058|015751008059|015751008061|015751008062|015755731587|015755731645|015755731544|015755731580|015755733363|015755732069|015755416263|015755475067,Spam SMS,Abschaltung der Rufnummern zum 15.06.2021
10.06.2021,015755731568|015755731576|015755731635|015755781833|015755731415|015755731979|015755731658|015755731583|015755393917|015755731550|015755416499|015755416337|015755416532|015755416408|015755475168|015755475216|015750932963|015750933025|015750932965|015750933009|015755731539|015755731884|015755731984|015755731606|015755731895|015755731875|015755731692|015755731591|015755733491|015755731560|015755731565|015755731669|01639425469|01639462332|01639462484|01639425468|01639425605|01639425550|01639425604|01639425603|01639425452|01639425456|01639462304|01639462118,Spam SMS,Abschaltung der Rufnummern zum 15.06.2021
10.06.2021,022129255825,Predictive Dialer,Abschaltung der Rufnummer zum 15.06.2021
09.06.2021,01803220120|01805002452|01805008855,Hacking,Isoliertes Rechnungslegungs- und Inkassierungsverbot sowie Auszahlungsverbot vom 01.03.2021 bis 11.05.2021
09.06.2021,03080098478,Predictive Dialer,Abschaltung der Rufnummer zum 12.06.2021
09.06.2021,01623534157|01623534164|01623534231|01623534232|01624760578|01625864976|01625884671|01625884989|01626062268|01626062269|01626068195|01626068197|01626068198|01626068199|01747141553|01626090547|015203528982|01625894884,Spam SMS,Abschaltung der Rufnummern zum 12.06.2021
08.06.2021,094099999936,Internet PopUp,Abschaltung der Rufnummer zum 12.06.2021
08.06.2021,033224379938,Internet PopUp,Abschaltung der Rufnummer zum 11.06.2021
07.06.2021,01788362375,Predictive Dialer,Abschaltung der Rufnummer zum 10.06.2021
01.06.2021,039086473986,Internet PopUp,Abschaltung der Rufnummer zum 04.06.2021
01.06.2021,021493009676,Internet PopUp,Abschaltung der Rufnummer zum 04.06.2021
01.06.2021,028217499962,Internet PopUp,Abschaltung der Rufnummer zum 04.06.2021
01.06.2021,063329789996,Internet PopUp,Abschaltung der Rufnummer zum 04.06.2021
31.05.2021,017629164049,Spam Fax,Abschaltung der Rufnummer zum 04.06.2021
31.05.2021,01708358396,Spam Fax,Abschaltung der Rufnummer zum 04.06.2021
31.05.2021,022167058650|022167058651|022167058652|022167058653|022167058654|022167058655|022167058656|022167058657|022167058658|022167058659,Spam Fax,Abschaltung der Rufnummern zum 03.06.2021
31.05.2021,033644133747,Internet PopUp,Abschaltung der Rufnummer zum 04.06.2021
31.05.2021,022349614899|020262934662,Internet PopUp,Abschaltung der Rufnummern zum 04.06.2021
27.05.2021,027131757739|027131757744|027131390706|027131390707|027131390708|027131757738|027131758246|027131758247|027170324837|027170324838,Spam Fax,Abschaltung der Rufnummern zum 31.05.2021
26.05.2021,022342190970|022342190971|022342190972|022342190973|022342190974|022342190975|022342190976|022342190977|022342190978|022342190979,Spam Fax,Abschaltung der Rufnummern zum 29.05.2021
26.05.2021,022129203450|022129203451|022129203452|022129203453|022129203454|022129203455|022129203456|022129203457|022129203458|022129203459,Spam Fax,Abschaltung der Rufnummern zum 29.05.2021
26.05.2021,032128009003,Spam Fax,Abschaltung der Rufnummer zum 29.05.2021
26.05.2021,08001815210,Internet PopUp,Abschaltung der Rufnummer zum 29.05.2021
25.05.2021,033224379631,Internet PopUp,Abschaltung der Rufnummer zum 28.05.2021
21.05.2021,093145253233|093145253262,Spam Fax,Abschaltung der Rufnummern zum 25.05.2021
20.05.2021,015256081515,Spam Fax,Abschaltung der Rufnummer zum 24.05.2021
18.05.2021,002299595|0022964018|0022964120|0022964228|0022995950|0033472613|0037322231|00224670999|00237661155|00237661276|00261325090|00261326507|00261329484|00448452229|00448452263,Hacking,Isoliertes Rechnungslegungs- und Inkassierungsverbot sowie Auszahlungsverbot vom 25.03.2021 bis 28.03.2021
17.05.2021,00212621000043|00212690000000|00212696855066|00213776310073|0021624353923|0021652202583|0021652203121|0021652203527|0021695116402|00972595250656|00994127904808,Hacking,Isoliertes Rechnungslegungs- und Inkassierungsverbot sowie Auszahlungsverbot vom 25.04.2021 bis 26.04.2021
17.05.2021,01624761229|01624783246|01625380670|015207708723|015207708744|015207709186|015207709435|01627589239|01627589490|015203235147|015203235153|015203235163|015203235171,Spam SMS,Abschaltung der Rufnummern zum 20.05.2021
17.05.2021,04025468903,Internet PopUp,Abschaltung der Rufnummer zum 20.05.2021
17.05.2021,062069624801,Internet PopUp,Abschaltung der Rufnummer zum 20.05.2021
17.05.2021,028217499966,Internet PopUp,Abschaltung der Rufnummer zum 20.05.2021
12.05.2021,023639099833,Internet PopUp,Abschaltung der Rufnummer zum 15.05.2021
12.05.2021,028729589891,Internet PopUp,Abschaltung der Rufnummer zum 15.05.2021
12.05.2021,062287769699,Internet PopUp,Abschaltung der Rufnummer zum 15.05.2021
12.05.2021,01794073430|01794143479|01796067239|01796070436|01796140878|01796146898|01797291220|017622546763|017660182759,Spam SMS,Abschaltung der Rufnummern zum 15.05.2021
12.05.2021,06920446836,Internet PopUp,Abschaltung der Rufnummer zum 15.05.2021
12.05.2021,074548939677,Internet PopUp,Abschaltung der Rufnummer zum 15.05.2021
11.05.2021,032127008003,Spam Fax,Abschaltung der Rufnummer zum 14.05.2021
11.05.2021,049197899942,Internet PopUp,Abschaltung der Rufnummer zum 14.05.2021
11.05.2021,023069999973,Internet PopUp,Abschaltung der Rufnummer zum 14.05.2021
11.05.2021,0023570103203|0023574939951|0023590330309|0026771913321|00261325090319|0041799793195|0050583660115|0050587535571|0050588575877|0050588826645|0050588826647|0050588826649,Hacking,Isoliertes Rechnungslegungs- und Inkassierungsverbot sowie Auszahlungsverbot vom 28.02.2021 bis 09.03.2021
06.05.2021,054399619673,Internet PopUp,Abschaltung der Rufnummer zum 10.05.2021
06.05.2021,08000010150,Internet PopUp,Abschaltung der Rufnummer zum 10.05.2022
05.05.2021,024198093490|024198093491|024198093492|024198093493|024198093494|024198093495|024198093496|024198093497|024198093498|024198093499,Spam Fax,Abschaltung der Rufnummern zum 08.05.2021
05.05.2021,024156527320|024156527321|024156527322|024156527323|024156527324|024156527325|024156527326|024156527327|024156527328|024156527329,Spam Fax,Abschaltung der Rufnummern zum 08.05.2021
04.05.2021,015256081668,Spam Fax,Abschaltung der Rufnummer zum 07.05.2021
03.05.2021,076219359216|076219359217|076219359218,Fehlender Ortsnetzbezug|Drittnutzung|Vortäuschen von Ortsansässigkeit,Abschaltung der Rufnummern zum 06.05.2021
03.05.2021,015203235291|015203235291|015236252416|015238976817|01624762418|01624775064|01624775096|01625343676,Spam SMS,Abschaltung der Rufnummern zum 06.05.2021
29.04.2021,09005190190,Spezifische Missbrauchsformen,Abschaltung der Rufnummer zum 06.05.2021; Rechnungslegungs- und Inkassierungsverbot vom 01.02.2020 bis 05.06.2021
29.04.2021,022339739814,Internet PopUp,Abschaltung der Rufnummer zum 03.05.2021
27.04.2021,00242220320611,Ping-Anruf,Rechnungslegungs- und Inkassierungsverbot vom 20.12.2020 bis 20.01.2021 im Mobilfunk
26.04.2021,0050766106538|0050766119575|0050766123006|0050766126018|0050766144031|0050766148440|0050766161369|0050766162957|0050766163035|0050766166283|0050766180689|0050766184166|0050766188345|0050766189842|0050766208450|0050766211669|0050766215101|0050766224595|0050766230288|0050766235213|0050766236329|0050766237971|0050766240800|0050766241885|0050766242479|0050766244375|0050766251796|0050766261040|0050766263686|0050766272747|0050766274871|0050766275414|0050766280244|0050766284724|0050766284968|0050766299298|0050766299784|0050768102213|0050768111421|0050768112960|0050768124327|0050768128164|0050768128624|0050768131143|0050768134951|0050768136149|0050768139317|0050768145352|0050768148704|0050768155720|0050768162928|0050768171035|0050768171636|0050768181681|0050768190430|0050768194863,Ping-Anruf,Rechnungslegungs- und Inkassierungsverbot vom 05.02.2021 bis 26.04.2022 im Mobilfunk
26.04.2021,015147016200|015147472875|015147648502|015147701889|015147780623|01719401483,Spam SMS,Abschaltung der Rufnummern zum 29.04.2021
26.04.2021,015203235246|015205896075|015205896089|015205896259|015205899380|015205899410|01624761880|01624774557|01624775008|01624782685|01624783164|01627589498|01628445692,Spam SMS,Abschaltung der Rufnummern zum 29.04.2021
26.04.2021,08001814961,Internet PopUp,Abschaltung der Rufnummer zum 29.04.2021
26.04.2021,08001800392,Internet PopUp,Abschaltung der Rufnummer zum 29.04.2021
26.04.2021,00242220309744|00242220327189,Ping-Anruf,Rechnungslegungs- und Inkassierungsverbot vom 20.012.2020 bis 20.01.2021 im Mobilfunk
22.04.2021,022342197140|022342197148,Spam Fax,Abschaltung der Rufnummer zum 26.04.2021
21.04.2021,08001826066,Internet PopUp,Abschaltung der Rufnummer zum 24.04.2021
21.04.2021,071468989811,Internet PopUp,Abschaltung der Rufnummer zum 24.04.2021
21.04.2021,023949179825,Internet PopUp,Abschaltung der Rufnummer zum 24.04.2021
21.04.2021,043219634996,Internet PopUp,Abschaltung der Rufnummer zum 24.04.2021
21.04.2021,021138533820,Spam SMS,Abschaltung der Rufnummer zum 24.04.2021
15.04.2021,027123418946|027123835644|027123837601|027125006664|027125016843|027130375675|027131336949|027131363519|027131363754|02713176382,Spam Fax,Abschaltung der Rufnummern zum 19.04.2021
14.04.2021,015256081767|015256081672,Spam Fax,Abschaltung der Rufnummern zum 17.04.2021
14.04.2021,015256077562,Spam Fax,Abschaltung der Rufnummer zum 17.04.2021
14.04.2021,071736692726,Spam SMS,Abschaltung der Rufnummer zum 17.04.2021
08.04.2021,024198094690|024198094691|024198094692|024198094693|024198094694|024198094695|024198094696|024198094697|024198094698|024198094699,Spam Fax,Abschaltung der Rufnummern zum 12.04.2021
31.03.2021,061027487656|061027487657|061027487658,Predictive Dialer,Abschaltung der Rufnummern zum 06.04.2021
31.03.2021,034186265847,Internet PopUp,Abschaltung der Rufnummer zum 03.04.2021
31.03.2021,036175044839,Internet PopUp,Abschaltung der Rufnummer zum 03.04.2021
29.03.2021,01759931778,Spam Fax,Abschaltung der Rufnummer zum 01.04.2021
29.03.2021,032124858688,Spam Fax,Abschaltung der Rufnummer zum 01.04.2021
29.03.2021,032125354556,Spam Fax,Abschaltung der Rufnummer zum 01.04.2021
29.03.2021,032126070810,Spam Fax,Abschaltung der Rufnummer zum 01.04.2021
29.03.2021,032126768698,Spam Fax,Abschaltung der Rufnummer zum 01.04.2021
29.03.2021,017630338525,Spam SMS,Abschaltung der Rufnummer zum 01.04.2021
29.03.2021,015203235230|015203235256|015203235270|015203235292|015203235287,Spam SMS,Abschaltung der Rufnummern zum 01.04.2021
29.03.2021,032221098555,Internet PopUp,Abschaltung der Rufnummer zum 01.04.2021
25.03.2021,0018498036830|0022362200480|0022362270010|0022362347260|0022362356980|0022362488510|0022428120714|0022479970504|0022898639690|00233244148613|00233244208310|0023599632300|00240222128410|00240618273210|00240685072410|00240685074021|00240685074023|00240685074025|00240685074026|00240685074028|00240685074029|00240688230273|002486400630|002486400631|002486400633|002486400635|002486426304|0032463005238|0037322349327|0037322349369|00383496039140|0038733755010|00393191000149,Hacking,Isoliertes Rechnungslegungs- und Inkassierungsverbot sowie Auszahlungsverbot vom 19.03.2021 bis einschließlich 22.07.2021
25.03.2021,00393191000256|0041742771877|0041742772023|004174357100|0041784059470|004382090905691|0050949987125|0050949987175|0050949987689|005926025115|005926464483|00672300138|00672328500|006785073140|006785083006|006785083061|006785083062|006785083063|006785083064|006785083065|006785083066|006785083067|006785083068|006785083069|006785083070|006785083071|006785083072|0079408000653|0079408000662|00972567403321,Hacking,Isoliertes Rechnungslegungs- und Inkassierungsverbot sowie Auszahlungsverbot vom 19.03.2021 bis einschließlich 22.07.2021
25.03.2021,118000,Umgehungsmodell,Abschaltung der Rufnummer zum 31.03.2021
25.03.2021,015167520313,Spam SMS,Abschaltung der Rufnummer zum 29.03.2021
25.03.2021,015155268233,Spam SMS,Abschaltung der Rufnummer zum 29.03.2021
24.03.2021,006851404833|006854147801|006855353550|006858332220|006858332225|006858332226|006858332227|006858332228|006858332229|006858332300|006858332311|006858332324|006858332327|006858341109|006858341110|006858341430|006858341740|006858341904|006858361704|006858498422|006858498425|006858498426|0022671778915|0038761128310|0038762005099|0038762381907|0038762385480|0038762385482|0038762385483|0038767589036|0038767589038|0038767589039|0038767589817|0038767589818|0038767589819|0053588110830,Hacking,Isoliertes Rechnungslegungs- und Inkassierungsverbot sowie Auszahlungsverbot vom 14.03.2021 bis 15.03.2021
23.03.2021,015203783680|015222338317|015222176827|015203726475|015207922213|015251442718|015222338124|015259058633|015203783677|015251442724|015203703240|015207942606,Spam SMS,Abschaltung der Rufnummern zum 26.03.2021
22.03.2021,015256081659,Spam Fax,Abschaltung der Rufnummer zum 25.03.2021
22.03.2021,08001810335,Internet PopUp,Abschaltung der Rufnummer zum 25.03.2021
19.03.2021,027125006663|027131763680,Spam Fax,Abschaltung der Rufnummern zum 23.03.2021
18.03.2021,071509218950|071509218951|071509218653,Fehlender Ortsnetzbezug|Vortäuschen von Ortsansässigkeit,Abschaltung der Rufnummern zum 22.03.2021|Portierungsverbot
16.03.2021,022166960880|022166960889,Spam Fax,Abschaltung der Rufnummern zum 19.03.2021
16.03.2021,08008008440,Internet PopUp,Abschaltung der Rufnummer zum 19.03.2021
16.03.2021,032211122013,Warteschleife,Abschaltung der Rufnummer zum 22.03.2021
15.03.2021,024198093440|024198093449,Spam Fax,Abschaltung der Rufnummern zum 17.03.2021
15.03.2021,08001802304,Internet PopUp,Abschaltung der Rufnummer zum 18.03.2021
15.03.2021,01639572135,Predictive Dialer,Abschaltung der Rufnummer zum 18.03.2021
12.03.2021,032221092421,Warteschleife,Abschaltung der Rufnummer zum 17.03.2021
11.03.2021,021138537909,Internet PopUp,Abschaltung der Rufnummer zum 15.03.2021
09.03.2021,009647519125193|009647519125313|009647519125774|009647519146070|009647519146475|009647519172042|009647519172387|009647519282604|009647519282802|009647519588545|009647564658076|00972597234669|0096475192828020096475199,Hacking,Isoliertes Rechnungslegungs- und Inkassierungsverbot sowie Auszahlungsverbot vom 20.01.2021 bis 21.01.2021
04.03.2021,027131364060|027131380321,Spam Fax,Abschaltung der Rufnummern zum 09.03.2021
03.03.2021,032129898982,Spam Fax,Abschaltung der Rufnummer zum 08.03.2021
03.03.2021,03042206710,Predictive Dialer,Abschaltung der Rufnummer zum 08.03.2021
03.03.2021,030422068749|030422068751,Predictive Dialer,Abschaltung der Rufnummern zum 08.03.2021
02.03.2021,09005888825|09005240020|09005969988|09005969914|09005969990,Spam SMS,Abschaltung der Rufnummern zum 05.03.2021
01.03.2021,015221060240,Spam Fax,Abschaltung der Rufnummer zum 04.03.2021
01.03.2021,076179119675,Internet PopUp,Abschaltung der Rufnummer zum 04.03.2021
01.03.2021,08001811285,Internet PopUp,Abschaltung der Rufnummer zum 04.03.2021
25.02.2021,0016473676995|00213658348045|0021699113988|00242211020013|00242222635160|00242222736336|00242222736365|00242222736366|00242285810029|00355689910240|0037329926960|0037329926962|0037329926963|0037329926964|0037329926967|0037329927530|0037329927531|0037329927537|0037329972507|005354990550,Hacking,Isoliertes Rechnungslegungs- und Inkassierungsverbot sowie Auszahlungsverbot am 24.02.2021
23.02.2021,015237868449|015237872080|01621654189,Umgehungsmodell,Abschaltung der Rufnummern zum 26.02.2021
23.02.2021,0059372016769,Hacking,Isoliertes Rechnungslegungs- und Inkassierungsverbot sowie Auszahlungsverbot am 18.02.2021
22.02.2021,00212652160630|0021626997239|00221700003836|00221700003855|00221700006276|00221700007381|00221705405726|00256772603377|00256772603609|00256772603755|00256786687228|00972567288965,Hacking,Isoliertes Rechnungslegungs- und Inkassierungsverbot sowie Auszahlungsverbot vom 20.12.2020 bis 21.12.2020
22.02.2021,01624762125|01624770201|01624770570|01624762131|01624782525|015202743231|015202743284,Spam SMS,Abschaltung der Rufnummern zum 25.02.2021
22.02.2021,01624761171|01624761922|01624770990|01624783121,Spam SMS,Abschaltung der Rufnummern zum 25.02.2021
22.02.2021,037241263892,Internet PopUp,Abschaltung der Rufnummer zum 25.02.2021
18.02.2021,08001830886,Internet PopUp,Abschaltung der Rufnummer zum 22.02.2021
17.02.2021,015171287118,Spam Fax,Abschaltung der Rufnummer zum 22.02.2021
17.02.2021,08001815652,Internet PopUp,Abschaltung der Rufnummer zum 20.02.2021
17.02.2021,0022366006204|0022366006209|0022366006212|0022366006216|0022366006222|0022366006231|0022366006232|0022366006249|0022366006253|0022366006255|0022366006270|0022366006276|0022366006277|0022366006287|0022366006289|0022366006291|0022366006294|0022366006296|0022995803310|0022995803344|0022995803345|00381642370246|0038970106286|00390699181346,Hacking,Isoliertes Rechnungslegungs- und Inkassierungsverbot sowie Auszahlungsverbot am 06.02.2021
17.02.2021,0016134168698|0021623281288|0021629753615|0022363206199|0022379002286|00233269962851|00261325393660|0038269525081|0050577167748|0050577283019|0050577283257|0050581417805|0050581417860|0050582815744|0050582819156|0050582819944|0050582875306|0050582971834|0050582971842|0050582982587|0050582985603|0050582985678|0050582989302|0050587577000|0050588815939|0050588815959,Hacking,Isoliertes Rechnungslegungs- und Inkassierungsverbot sowie Auszahlungsverbot am 12.02.2021
17.02.2021,022892939005,Internet PopUp,Abschaltung der Rufnummer zum 20.02.2021
15.02.2021,015736071763|015736071767,Predictive Dialer,Abschaltung der Rufnummern zum 18.02.2021
11.02.2021,015167186234,Drittnutzung,Abschaltung der Rufnummer zum 16.02.2021|Portierungsverbot
11.02.2021,015167192495|015167192499|015172160453,Drittnutzung,Abschaltung der Rufnummern zum 16.02.2021|Portierungsverbot
11.02.2021,017661848840|0176 61848892,Drittnutzung,Abschaltung der Rufnummern zum 16.02.2021|Portierungsverbot
11.02.2021,08002446284,Internet PopUp,Abschaltung der Rufnummer zum 15.02.2021
04.02.2021,015171287121,Spam Fax,Abschaltung der Rufnummer zum 08.02.2021
03.02.2021,021188920800,Spam Fax,Abschaltung der Rufnummer zum 08.02.2021
03.02.2021,01621653869,Umgehungsmodell,Abschaltung der Rufnummer zum 06.02.2021
02.02.2021,01756461862|015147417947|015147917194|015165769234,Spam SMS,Abschaltung der Rufnummern zum 05.02.2021
02.02.2021,01771789042,Spam SMS,Abschaltung der Rufnummer zum 05.02.2021
01.02.2021,0018005551111|00213770153620|00213770153626|0021658500510|002209872221|00221703359742|00224620812487|00233231852783|0023592772185|0032467640110|0032473430427|00442033477777|0050555171097|0050557818273|0050584484324|0050661418544|0059178606874|00989127116184|00989182828262|00989343385430|00989858186517|00989921610700|00989921610743|00989921610778|00989921610796|00989990779183|00989999014100|00989999014119|00989999014120|00989999014144,Hacking,Isoliertes Rechnungslegungs- und Inkassierungsverbot sowie Auszahlungsverbot am 12.12.2020
28.01.2021,08001815700,Internet PopUp,Abschaltung der Rufnummer zum 01.02.2021
27.01.2021,015221060163,Spam Fax,Abschaltung der Rufnummer zum 01.02.2021
27.01.2021,015171321536,Spam Fax,Abschaltung der Rufnummer zum 01.02.2021
27.01.2021,0022428120710|0022428120712|0022428120714|0022428120715|0022428120717|0022428120718|0022428120719|0022794559910|0023622899713|0023675500250|0023858147250|0023858512630|0023858516280|002389923510|002389928000|002389955200|0024222792010|0024222792020|0024222792021|0024222792022|0024222792023|0024222792025|00242394423200|00242394423210|00242394423211|00242394423215|00242394423216|00242512954030|00242512954036|00250849656250|00250849656251|00250849656252|00250849656253|00250849656254|00250849656255|00256486208610|00256780202510|00256780241410|00256788873310|,Hacking,Isoliertes Rechnungslegungs- und Inkassierungsverbot sowie Auszahlungsverbot vom 22.01.2021 bis 25.05.2021
27.01.2021,00256788878610|00256788878612|00256788878613|00256788878614|00256788878615|00256788878616|00256788878617|00261209440529|00261275564000|00261322821310|00261322876850|00261328386580|00261329543781|00261338337840|00261395800500|00261911344610|0050557900670|0050580739330|0050580739331|0050580739332|0050580739333|0050580739334|0050580739335|0050580739336|0050580739337,Hacking,Isoliertes Rechnungslegungs- und Inkassierungsverbot sowie Auszahlungsverbot vom 22.01.2021 bis 25.05.2021
25.01.2021,030232565400 bis 030232565499|03023593651|03023593652|03023593653|03023593654|03023593656|03023593657|03023593658|03023593659|03023593660|030235952800 bis 030235952899,Fehlender Ortsnetzbezug|Drittnutzung|Vortäuschen von Ortsansässigkeit,Abschaltung der Rufnummern zum 28.01.2021|Portierungsverbot
25.01.2021,08001816077,Internet PopUp,Abschaltung der Rufnummer zum 28.01.2021
20.01.2021,01636873706|01636874262|01638300094|01778464559|01779035639|01783731796|01783732029|01783732200|01783954206|01783980050|01784655507|01784655652|01784655716|01784655721|01784655741|01784655806|01784660977|01784662687|01784663440|01784664576|01784693746|015904891456|015904891457|017634663500|01784672360|015776997881|015777659720|015778591686|01782425878|01784684942|015776997882|015777659719|015778591687|01782425906|01779334865|015750868028|015775135078|01787339481|01773993498|015750792718|015750792724|015776229002|01784659744|01639439482|01639440551|015759748845|01639537863|01784660250|01630033285|015776110166|015776110167|01638303497|01784664447|015776100019|015738029327|015738029362|01782418117|01783407052,Spam SMS,Abschaltung der Rufnummern zum 25.01.2021
20.01.2021,023158688970|023158688971|023158688972|023158688973|023158688974|023158688975|023158688976|023158688977|023158688978|023158688979|023158690870|023158690871|023158690872|023158690873|023158690874|023158690875|023158690876|023158690877|023158690878|023158690879,Fehlender Ortsnetzbezug|Vortäuschen von Ortsansässigkeit,Abschaltung der Rufnummern zum 25.01.2021|Portierungsverbot
18.01.2021,00381637210100|00381637210106|00381637210107|00381637210108|00381637210111|00381637210112|00381637210113|00381637210114|00381637210115|00381637210117|00381637210118|00381637210122|00381637210125|00381637210128|0038163721013|00381637210132|00381637210135|00381637210136|00381637210138|00381637210139|0038163721014|00381637210140|00381637210141|00381637210145|00381637210148|00381637210149|00381638342200|00381638381000|00381638381002|00381638381003|00381638381004|00381638381005|00381638381006,Hacking,Isoliertes Rechnungslegungs- und Inkassierungsverbot sowie Auszahlungsverbot vom 03.01.2021 bis 10.01.2021
18.01.2021,00381638381007|00381638381008|00381638381009|00381638381010|00381638381011|00381638381012|00381638381013|00381638381014|00381638381015|00381638381016|00381638381017|00381638381018|00381638381019|00381638381020|00381638381021|00381638381022|00381638381024|00381638381025|00381638381026|00381638381027|00381638381028|00381638381029|00381638381030|00381638381031|00381638381032|00381638381033|00381638381034|00381638381035|00381638381036|00381638612411,Hacking,Isoliertes Rechnungslegungs- und Inkassierungsverbot sowie Auszahlungsverbot vom 03.01.2021 bis 10.01.2021
14.01.2021,08000010172|08000007869,Internet PopUp,Abschaltung der Rufnummern zum 18.01.2021
13.01.2021,015171321529,Spam Fax,Abschaltung der Rufnummer zum 18.01.2021
13.01.2021,01621654217,Umgehungsmodell,Abschaltung der Rufnummer zum 16.01.2021
12.01.2021,020157181245,Spam Fax,Abschaltung der Rufnummer zum 15.01.2021
07.01.2021,015129687417,Spam Fax,Abschaltung der Rufnummer zum 11.01.2021